{"pubs": {"53e9b75ab7602d97042fe625": {"reference_index": 1, "title": "The influence of tissue layering on microwave thermographic measurements", "year": 1988, "venue": "International Journal of Hyperthermia", "affiliation": "", "authors": ["m. s. hawley", "j. conway", "a. p. anderson", "p. a. cudd"], "keywords": ["temperature measurements", "radiometry"]}, "5ce2d234ced107d4c64b0d56": {"reference_index": 7, "title": "Readmission to the Pediatric Cardiac Intensive Care Unit in Pediatric Patients with Durable Ventricular Assist Devices", "year": 2019, "venue": "Journal of Heart and Lung Transplantation", "affiliation": "", "authors": ["j.j. chacko", "t. pidborochynski", "h. buchholz", "d.h. freed", "m. al-aklabi", "v. anand", "p. holinski", "j. conway"], "keywords": []}, "53e9b822b7602d97043d8f36": {"reference_index": 1, "title": "Parotid gland tumours - a comparison of intensity modulated radiotherapy and 3-D conformal radiotherapy", "year": 2001, "venue": "International Journal of Radiation Oncology, Biology, Physics", "affiliation": "Radiotherapy Physics, Weston Park Hospital, Sheffield, United Kingdom", "authors": ["c.m. bragg", "j. conway", "m.h. robinson"], "keywords": ["intensity modulation"]}, "5ce2d24fced107d4c64c4364": {"reference_index": 9, "title": "End Stage Liver Disease Models and Outcomes in Pediatric Patients Supported with Short-Term Continuous Flow Ventricular Assist Devices", "year": 2019, "venue": "Journal of Heart and Lung Transplantation", "affiliation": "", "authors": ["g. malik", "t. pidboyochynski", "h. buchholz", "d.h. freed", "m. al-aklabi", "s.j. bozso", "s. choudhry", "v. anand", "p. holinski", "j. conway"], "keywords": []}, "53e9a32eb7602d9702c3b2fa": {"reference_index": 2, "title": "Atrial Natriuretic Peptide is Released by Dynamic Exercise in Man", "year": 1986, "venue": "Hormone and Metabolic Research", "affiliation": "", "authors": ["v. somers", "j. anderson", "j. conway", "p. sleight", "s. bloom"], "keywords": []}, "53e9b388b7602d9703e68d6c": {"reference_index": 4, "title": "A general catalogue of 6.7GHz methanol masers II: statistical analysis", "year": 2006, "venue": "Astronomy and Astrophysics", "affiliation": "Onsala Space Observatory", "authors": ["michele r. pestalozzi", "a. chrysostomou", "j. l. collett", "v. minier", "j. conway", "r. s. booth"], "keywords": ["star formation", "masers", "interstellar medium", "luminosity function", "milky way", "rotation curve", "astronomy", "power law", "statistical analysis", "astrophysics", "indexation"]}, "53e9b2b1b7602d9703d5ab3e": {"reference_index": 12, "title": "Higher-twist effects in the reaction \u03c0-N\u2192\u03bc+\u03bc-X at 253 GeV/c", "year": 1991, "venue": "Physical Review D", "affiliation": "", "authors": ["j. heinrich", "c. biino", "j. greenhalgh", "w. louis", "k. mcdonald", "s. palestini", "d. russell", "f. shoemaker", "a. smith", "c. adolphsen", "j. alexander", "k. anderson", "j. conway", "j. pilcher", "a. possoz", "e. rosenberg"], "keywords": []}, "53e9b240b7602d9703cdf310": {"reference_index": 5, "title": "Performance of CVD diamond microstrip detectors under particle irradiation", "year": 1997, "venue": "IEEE Transactions on Nuclear Science", "affiliation": "", "authors": ["m. m. zoeller", "w. adam", "c. bauer", "i. baumann", "c. colledani", "j. conway", "p. delpierre", "f. djama", "w. dulinski", "a. fallou", "d. fish", "k. k. gan", "e. grigoriev", "g. hallewell", "r. hall-wilton", "s. han", "j. hrubec", "d. husson", "h. kagan", "d. kania", "r. kass", "k. t. knopfle", "m. krammer", "p. f. manfredi", "d. meier", "l. s. pan", "h. pernegger", "m. pernicka", "v. re", "s. roe", "d. roff", "a. rudge", "m. schaeffer", "s. schnetzer", "v. speziali", "r. stone", "r. j. tapper", "r. tesarek", "g. b. thomson", "w. trischuk", "r. turchetta", "a. m. walsh", "p. weilhammer", "h. ziock"], "keywords": ["neutrons", "protons", "cvd diamond", "pions", "mesons", "lhc", "radiation detectors", "strips", "large hadron collider", "signal to noise ratio", "chemical vapor deposition", "radiation hardness"]}, "53e9a255b7602d9702b5e58c": {"reference_index": 6, "title": "Angiotensin-converting enzyme inhibition and physical training in heart failure", "year": 1991, "venue": "Journal of Internal Medicine", "affiliation": "", "authors": ["t. e. meyer", "b. casadei", "a. j. s. coats", "p. p. davey", "s. adamopoulos", "a. radaelli", "j. conway"], "keywords": ["physical training"]}, "53e9ab97b7602d9703545e4c": {"reference_index": 0, "title": "Experimental study of muon pairs produced by 252-GeV pions on tungsten", "year": 1989, "venue": "Physical Review D", "affiliation": "", "authors": ["j. conway", "c. adolphsen", "j. alexander", "k. anderson", "j. heinrich", "j. pilcher", "a. possoz", "e. rosenberg", "c. biino", "j. greenhalgh", "w. louis", "k. mcdonald", "s. palestini", "f. shoemaker", "a. smith"], "keywords": ["elementary particles", "tungsten", "charged particles", "structure function", "field theory", "mass spectra", "quantum chromodynamics", "differential cross section", "cross section", "photon polarization"]}, "5ce2b25eced107d4c6e2e124": {"reference_index": 0, "title": "Global Experience with the Heartware HVAD\u00ae in Pediatric Patients: A Preliminary Analysis", "year": 2016, "venue": "Journal of Heart and Lung Transplantation", "affiliation": "Stollery Children \u2018s Hospital, Edmonton, AB, Canada", "authors": ["j. conway", "o. miera", "h.t. henderson", "c. vanderpluym", "h. buchholz", "m. fenton", "r.a. niebler", "m. padalino", "m. slaughter", "a. lorts", "m. schweiger", "m. hassan", "j.d. schmitto", "j.n. scheel", "b. martin", "y. li", "p.e. parrino", "d.l. morales", "r. kirk"], "keywords": []}, "53e9b2e0b7602d9703d96666": {"reference_index": 5, "title": "hypertension Changes in autonomic regulation induced by physical training in mild", "year": 0, "venue": "", "affiliation": "", "authors": ["a malliani", "m pagani", "v somers", "r furlan", "s dell' orto", "j conway", "g baselli", "s cerutti", "p sleight"], "keywords": []}, "53e9a33cb7602d9702c44287": {"reference_index": 6, "title": "\u0394OSI: a prototype microstrip dosimeter for characterization of medical radiotherapy and radiosurgery systems", "year": 2006, "venue": "Nuclear Inst. and Methods in Physics Research, A", "affiliation": "Department of Radiotherapy Physics, Weston Park Hospital, Sheffield S10 2SJ, UK", "authors": ["i. redondo-fern\u00e1ndez", "c. buttar", "s. walsh", "s. manolopoulos", "j.m. homer", "s. young", "j. conway"], "keywords": ["quality assurance", "ionization chamber", "spatial resolution", "silicon"]}, "5ce2d24bced107d4c64c15ef": {"reference_index": 9, "title": "Anti-Coagulation Management in Pediatric Ventricular Assist Device: A Quality Improvement Target", "year": 2019, "venue": "Journal of Heart and Lung Transplantation", "affiliation": "", "authors": ["c. vanderpluym", "m. o'connor", "a. lorts", "m. ploutz", "d. peng", "s. law", "m. zinn", "r. niebler", "d. rosenthal", "j. conway", "s. auerbach", "d. sutcliffe", "m. mehegan"], "keywords": []}, "53e9a2fbb7602d9702c07de4": {"reference_index": 2, "title": "Combination of CDF and D0 Limits on a Gauge Mediated SUSY Model Using\n  Diphoton and Missing Transverse Energy Channel", "year": 2005, "venue": "", "affiliation": "", "authors": ["v. buescher", "r. culbertson", "j. conway", "y. gershtein", "b. heinemann", "d. h. kim", "m. s. kim", "s. lammel", "g. landsberg", "s. w. lee", "s. mrenna", "d. toback", "s. m. wang", "s. m. wang"], "keywords": ["high energy physics"]}, "53e9bd31b7602d97049be2f7": {"reference_index": 4, "title": "Investigation of FDG-PET Before and After Radiotherapy Treatment for Head and Neck Cancer", "year": 2007, "venue": "Clinical Oncology", "affiliation": "Department of Radiotherapy Physics, Weston Park Hospital, Sheffield Teaching Hospitals, Sheffield, UK", "authors": ["k.e. dyker", "r.h. ireland", "m.b. hanney", "w.b. tindale", "j. conway", "c. anthony", "j.a. swinscoe", "m.h. robinson"], "keywords": []}, "53e99e38b7602d97026fe7c9": {"reference_index": 7, "title": "Propri\u00e9t\u00e9s spectroscopiques de U<sup>4+</sup> dans ThBr<sub>4</sub>", "year": 1979, "venue": "Le Journal De Physique Colloques", "affiliation": "", "authors": ["p. delamoye", "s. hubert", "m. hussonnois", "j. c. krupa", "m. genet", "r. guillaumont", "n. edelstein", "j. conway"], "keywords": []}, "5ce2c6d2ced107d4c61f5a66": {"reference_index": 1, "title": "(1082) \u2013 Pre-Operative Predictors of Mortality in Adults Supported with Short-Term Continuous Flow Ventricular Assist Devices", "year": 2017, "venue": "Journal of Heart and Lung Transplantation", "affiliation": "Division of Cardiology, University of Alberta, Edmonton, AB, Canada", "authors": ["s.j. bozso", "j. conway", "d.h. freed", "b. martin", "r.g. macarthur", "h. buchholz"], "keywords": []}, "53e9b775b7602d970431d9ce": {"reference_index": 0, "title": "A fast encoding method for lattice codes and quantizers", "year": 2006, "venue": "IEEE Transactions on Information Theory", "affiliation": "", "authors": ["j. conway", "n. sloane"], "keywords": ["lattice code", "channel code", "gaussian channel", "arbitrary point", "earlier paper", "closest lattice point", "code vector", "fast encoding method", "related problem", "inverse problem", "kth code vector", "encoding problem", "lattices", "mathematics", "encoding", "stochastic processes", "decoding", "markov processes", "statistics", "process control", "control systems"]}, "53e9b489b7602d9703f8fa9c": {"reference_index": 2, "title": "Optimising the use of virtual and conventional simulation: a clinical and economic analysis", "year": 2007, "venue": "Journal of Radiotherapy in Practice", "affiliation": "", "authors": ["m. mcjury", "b. foran", "j. conway", "s. dixon", "k. wilcock", "g. brown", "m. h. robinson"], "keywords": []}, "5ce2d241ced107d4c64b9c93": {"reference_index": 3, "title": "Electrocardiographic Trends in Boys with Duchenne Muscular Dystrophy", "year": 2019, "venue": "Journal of Heart and Lung Transplantation", "affiliation": "", "authors": ["k. gambetta", "c.w. wittlieb-weber", "c.r. villa", "j. conway", "j.n. johnson", "m.j. bock", "a.k. lal", "k.r. schumacher", "s.p. law", "s. deshpande", "s.c. west", "j.m. friedland-little", "i.d. lytrivi", "r.j. butts", "k.j. knecht", "m.a. michael"], "keywords": []}, "53e99e71b7602d9702736f9a": {"reference_index": 0, "title": "Is there a difference in diagnostic yield between 22g and 25g needles in endoscopic ultrasound guided fine-needle aspiration (EUS-FNA) of solid lesions?", "year": 2009, "venue": "Gastrointestinal Endoscopy", "affiliation": "", "authors": ["j. conway", "s. kundu", "g. mishra", "s. stefanescu"], "keywords": []}, "53e9bbf5b7602d970484fc6b": {"reference_index": 0, "title": "Applied potential tomography (APT) for noninvasive thermal imaging during hyperthermia treatment", "year": 1985, "venue": "Electronics Letters", "affiliation": "", "authors": ["j. conway", "m. s. hawley", "a. d. seagar", "b. h. brown", "d. c. barber"], "keywords": []}, "53e9ba76b7602d970469a3b7": {"reference_index": 0, "title": "Self-dual codes over<tex>GF(3)</tex>and<tex>GF(4)</tex>of length not exceeding 16", "year": 1979, "venue": "IEEE Transactions on Information Theory", "affiliation": "", "authors": ["j. conway", "v. pless", "n. sloane"], "keywords": []}, "5c756d6cf56def979852777a": {"reference_index": 8, "title": "Optical diffraction radiation for position monitoring of charged particle beams", "year": 2017, "venue": "Nuclear Instruments & Methods in Physics Research Section B-beam Interactions With Materials and Atoms", "affiliation": "Cornell University, CLASSE, Ithaca, NY, USA", "authors": ["r. kieffer", "e. bravin", "t. lefevre", "stefano mazzoni", "m. bergamaschi", "p. karataev", "konstantin kruchinin", "m. billing", "j. conway", "j. shanks", "nobuhiro terunuma", "l. bobb"], "keywords": []}, "53e9b93eb7602d970452b68d": {"reference_index": 0, "title": "Voronoi regions of lattices, second moments of polytopes, and quantization", "year": 2006, "venue": "IEEE Transactions on Information Theory", "affiliation": "", "authors": ["j. conway", "n. sloane"], "keywords": ["symbol of0", "gaussian channel", "voronoi region", "inn-dimensional space", "closest point", "mean-squared error", "eight-dimensional lattice e8", "one-dimensional quantizer", "nearest neighbor", "regular simplex", "random point", "probability density function", "statistics", "helium", "lattices", "quantization", "mathematics"]}, "53e9b0abb7602d9703b19ee8": {"reference_index": 5, "title": "147 GHz VLBI observations: Detection of 3C?273 and 3C?279  \non the 3100 km baseline Mets\ufffdhovi ? Pico Veleta", "year": 2002, "venue": "Astronomy & Astrophysics", "affiliation": "", "authors": ["a. greve", "p. k\ufffdn\ufffdnen", "d. a. graham", "k. wiik", "t. p. krichbaum", "j. conway", "f. rantakyr\ufffd", "s. urpo", "m. grewing", "r. s. booth", "j. a. zensus", "d. john", "s. navarro", "a. mujunen", "j. ritakari", "j. peltonen", "p. sj\ufffdman", "e. oinaskallio", "m. berton"], "keywords": []}, "53e9b326b7602d9703df3052": {"reference_index": 8, "title": "The spatial resolution of the ALEPH TPC", "year": 1989, "venue": "Nuclear Inst. and Methods in Physics Research, A", "affiliation": "University of Wisconsin, Madison, USA", "authors": ["s.r. amendolia", "t. barczewski", "l.a.t. bauerdick", "e. blucher", "w. blum", "j. boudreau", "d. cinabro", "m.a. ciocci", "j. conway", "d.f. cowen", "f. fidecaro", "b. gobbo", "a. halley", "s. haywood", "a. jahn", "r. johnson", "m. kasemann", "u. larsson", "b. leclaire", "i. lehraus", "t. lohse", "a. lusiani", "p.s. marrocchesi", "j. may", "e. milotti", "a. minten", "j. richstein", "r. richter", "s. roehn", "l. rolandi", "d. schlatter", "m. schmelling", "r. settles", "g. stefanini", "f. steeg", "m. takashima", "w. tejessy", "j. thomas", "a. vayaki", "j. wear", "w. witzeling", "s.l. wu", "s. xue"], "keywords": ["spatial resolution", "time projection chamber"]}, "53e99dbfb7602d970267fed2": {"reference_index": 0, "title": "The Precision of Higgs Boson Measurements and Their Implications", "year": 2002, "venue": "", "affiliation": "", "authors": ["j. conway", "k. desch", "j. f. gunion", "s. mrenna", "d. zeppenfeld", "for the precision higgs working group"], "keywords": ["quantum number", "beyond the standard model", "bibliography", "higgs mechanism", "supersymmetry", "high energy physics", "cp violation", "new physics", "higgs boson"]}, "5ce2d230ced107d4c64ae96b": {"reference_index": 5, "title": "Implantable Cardioverter Defibrillator Use in Males with Duchenne Muscular Dystrophy and Severe Left Ventricular Dysfunction", "year": 2019, "venue": "Journal of Heart and Lung Transplantation", "affiliation": "", "authors": ["m.a. mcculloch", "k.r. knecht", "r.j. butts", "c.r. villa", "j.n. johnson", "j. conway", "m.j. bock", "a.k. lal", "k.r. schumacher", "s.p. law", "j.m. friedland-little", "s.r. desphande", "s.c. west", "i.d. lytrivi", "k.e. gambetta", "c.a. wittlieb-weber"], "keywords": []}, "53e9b85bb7602d970442279c": {"reference_index": 10, "title": "Pion Structure as Observed in the Reaction \u03c0^{-}N\u2192\u03bc^{+}\u03bc^{-}X at 80 GeV/c", "year": 1985, "venue": "Physical Review Letters", "affiliation": "", "authors": ["s. palestini", "c. biino", "j. greenhalgh", "w. louis", "k. mcdonald", "f. shoemaker", "a. smith", "c. adolphsen", "j. alexander", "k. anderson", "j. conway", "j. heinrich", "k. merritt", "j. pilcher", "e. rosenberg", "d. simpson"], "keywords": []}, "53e99cd8b7602d970258d48f": {"reference_index": 3, "title": "Selection of tau leptons with the CDF Run 2 trigger system", "year": 2004, "venue": "Nuclear Inst. and Methods in Physics Research, A", "affiliation": "Department of Physics and Astronomy, Rutgers University, Piscataway, NJ 08854, USA", "authors": ["a. anastassov", "s. baroiant", "m. chertok", "j. conway", "m. goncharov", "d. jang", "t. kamon", "v. khotilovich", "r. lander", "a. lath", "p. murat", "t. ogawa", "c. pagliarone", "g.m. piacentino", "f. ratnikov", "a. safonov", "a. savoy-navarro", "j.r. smith", "d. toback", "s. tourneur", "e. vataga", "z. wan"], "keywords": ["cdf"]}, "53e99d5db7602d9702614cea": {"reference_index": 2, "title": "Intensities of electronic Raman scattering between crystal-field levels of Ce3+ in LuPO4: Nonresonant and near-resonant excitation", "year": 1989, "venue": "Physical Review B", "affiliation": "", "authors": ["g. williams", "p. becker", "j. conway", "n. edelstein", "l. boatner", "m. abraham"], "keywords": []}, "5ce2d08aced107d4c638d4c4": {"reference_index": 19, "title": "SEPIA \u2013 a new single pixel receiver at the APEX telescope (Corrigendum)", "year": 2018, "venue": "Astronomy and Astrophysics", "affiliation": "", "authors": ["v. belitsky", "i. lapkin", "m. fredrixon", "d. meledin", "e. sundin", "b. billade", "s.-e. ferm", "a. pavolotsky", "h. rashid", "m. strandberg", "v. desmaris", "a. ermakov", "s. krause", "m. olberg", "p. aghdam", "s. shafiee", "p. bergman", "e. de beck", "h. olofsson", "j. conway", "c. de breuck", "k. immer", "p. yagoubov", "f. m. montenegro-montes", "k. torstensson", "j.-p. p\u00e9rez-beaupuits", "t. klein", "w. boland", "a. m. baryshev", "r. hesper", "j. barkhof", "j. adema", "m. e. bekema", "a. koops"], "keywords": []}, "53e9b6dbb7602d9704268627": {"reference_index": 8, "title": "Non-rigid Registration Enables Radiotherapy Treatment Planning with Staging PET", "year": 2007, "venue": "Clinical Oncology", "affiliation": "Department of Radiotherapy Physics, Weston Park Hospital, Sheffield Teaching Hospitals, Sheffield, UK", "authors": ["r.h. ireland", "s.m. wood", "m.b. hanney", "w.b. tindale", "k.e. dyker", "m.h. robinson", "n. woodhouse", "n. hoggard", "j. conway", "j.a. swinscoe", "d.c. barber"], "keywords": ["treatment planning"]}, "53e9a145b7602d9702a35be5": {"reference_index": 2, "title": "A study of radiotherapy dosimeters based on diamond grown by chemical vapour deposition", "year": 2000, "venue": "Diamond & Related Materials", "affiliation": "Weston Park Hospital, Sheffield, UK", "authors": ["c.m. buttar", "r. airey", "j. conway", "g. hill", "s. ramkumar", "g. scarsbrook", "r.s. sussmann", "s. walker", "a. whitehead"], "keywords": ["medical dosimetry", "radiation detector"]}, "53e9b8a1b7602d970447daba": {"reference_index": 4, "title": "PD-106 The use of lung dose volume histograms in predicting post radiation pneumonitis following non-conventionally fractionated radiotherapy for thoracic carcinoma", "year": 2005, "venue": "Lung Cancer", "affiliation": "", "authors": ["s clenton", "p fisher", "p kirkbride", "m hatton", "j conway"], "keywords": []}, "5ce2d22cced107d4c64abb5d": {"reference_index": 1, "title": "Effect of Maximal Voluntary Exercise on Blood Pressure", "year": 1985, "venue": "Clinical Science", "affiliation": "", "authors": ["v.k. somers", "j. conway", "m. lewinter", "p. sleight"], "keywords": []}, "53e9b910b7602d97044f5dc7": {"reference_index": 22, "title": "VLBI observations at 147 GHz: first detection of transatlantic fringes\n  in bright AGN", "year": 2002, "venue": "arXiv: Astrophysics", "affiliation": "Onsala Space Obs.", "authors": ["t. p. krichbaum", "d. a. graham", "w. alef", "a. polatidis", "u. bach", "a. witzel", "j. a. zensus", "a. greve", "m. grewing", "s. doeleman", "r. phillips", "a. e. e. rogers", "m. titus", "h. fagg", "p. strittmatter", "t. l. wilson", "l. ziurys", "r. freund", "p. k\"on\"onen", "j. peltonen", "s. urpo", "f. rantakyro", "j. conway", "r. s. booth"], "keywords": []}, "53e9acbcb7602d9703699e00": {"reference_index": 18, "title": "Towards the Event Horizon - The Vicinity of AGN at Micro-Arcsecond\n  Resolution", "year": 2004, "venue": "", "affiliation": "Onsala Space Observatory", "authors": ["t. p. krichbaum", "d. a. graham", "w. alef", "a. kraus", "b. w. sohn", "u. bach", "a. polatidis", "a. witzel", "j. a. zensus", "m. bremer", "a. greve", "m. grewing", "s. doeleman", "r. b. phillips", "a. e. e. rogers", "h. fagg", "p. strittmatter", "l. ziurys", "j. conway", "r. s. booth", "s. urpo"], "keywords": ["super massive black hole", "spatial resolution", "event horizon"]}, "53e9b8f5b7602d97044d6929": {"reference_index": 1, "title": "Effect of low doses of scopolamine on RR interval variability, baroreflex sensitivity, and exercise performance in patients with chronic heart failure.", "year": 1996, "venue": "Heart (British Cardiac Society)", "affiliation": "", "authors": ["b. casadei", "j. conway", "c. forfar", "p. sleight"], "keywords": ["respiratory sinus arrhythmia", "left ventricular ejection fraction", "heart rate variability"]}, "53e999cbb7602d970220fde6": {"reference_index": 3, "title": "G54 Non-invasive hemodynamics of white coat hypertensives", "year": 1997, "venue": "American Journal of Hypertension", "affiliation": "", "authors": ["g. pannarale", "a.j.s. coats", "j.e. isea", "j. conway", "p. sleight"], "keywords": []}, "53e9b070b7602d9703ad8769": {"reference_index": 2, "title": "Investigation of the use of intensity modulated radiotherapy (imrt) in comparison with conformal radiotherapy in the management of soft tissue sarcoma", "year": 2001, "venue": "International Journal of Radiation Oncology, Biology, Physics", "affiliation": "Department of Medical Physics, Weston Park Hospital, Sheffield, United Kingdom", "authors": ["b.m. millar", "c.m. bragg", "j. conway", "m.h. robinson"], "keywords": ["intensity modulation"]}, "53e9b240b7602d9703cdb8bf": {"reference_index": 4, "title": "Measurement of the ratio of sea to valence quarks in the nucleon", "year": 1989, "venue": "Physical Review Letters", "affiliation": "", "authors": ["j. heinrich", "c. adolphsen", "j. alexander", "k. anderson", "j. conway", "j. pilcher", "a. possoz", "e. rosenberg", "c. biino", "j. greenhalgh", "w. louis", "k. mcdonald", "s. palestini", "f. shoemaker", "a. smith"], "keywords": ["nucleons", "nuclear reactions", "metals", "measuring instruments", "transition elements", "hadrons", "spectrometers", "tungsten", "baryons", "distribution functions", "elements", "fermions", "mesons", "quarks", "functions", "interactions", "annihilation", "bosons", "elementary particles"]}, "53e9b879b7602d9704444ae6": {"reference_index": 0, "title": "Fast quantizing and decoding and algorithms for lattice quantizers and codes", "year": 2006, "venue": "IEEE Transactions on Information Theory", "affiliation": "", "authors": ["j. conway", "n. sloane"], "keywords": ["gaussian channel", "lattice quantizers", "maximum likelihood decoding", "arbitrary point", "minimum distortion lattice point", "closest lattice point", "fast algorithm", "n geq", "quantization", "gaussian noise", "helium", "lattices", "mathematics", "statistics"]}, "53e9bc68b7602d97048dffb0": {"reference_index": 12, "title": "Millimetre-VLBI Monitoring of AGN with Sub-milliarcsecond Resolution", "year": 2004, "venue": "", "affiliation": "Onsala Space Observatory", "authors": ["a. pagels", "t. p. krichbaum", "d. a. graham", "w. alef", "m. kadler", "a. kraus", "j. klare", "a. witzel", "j. a. zensus", "a. greve", "m. grewing", "r. booth", "j. conway"], "keywords": ["spatial resolution"]}, "5c8d53354895d9cbc651765c": {"reference_index": 7, "title": "Feasibility of diffraction radiation for noninvasive beam diagnostics as characterized in a storage ring", "year": 2018, "venue": "Physical review accelerators and beams", "affiliation": "", "authors": ["l. bobb", "r. kieffer", "t. lefevre", "stefano mazzoni", "thomas aumeyr", "p. karataev", "m. billing", "j. conway", "j. shanks"], "keywords": []}, "53e9a237b7602d9702b3c688": {"reference_index": 1, "title": "A robot-controlled microwave antenna system for uniform hyperthermia treatment of superficial tumours with arbitrary shape.", "year": 1990, "venue": "International journal of hyperthermia : the official journal of European Society for Hyperthermic Oncology, North American Hyperthermia Group", "affiliation": "", "authors": ["a. tennant", "j. conway", "a. p. anderson"], "keywords": []}, "53e9ad99b7602d970379715f": {"reference_index": 1, "title": "Suction or no suction? Interval results from an ongoing prospective, partially blinded, randomized trial of endoscopic ultrasound (EUS) guided fine needle sampling of solid lesions", "year": 2009, "venue": "Gastrointestinal Endoscopy", "affiliation": "", "authors": ["s. kundu", "j. conway", "k. gilbert", "k. geisinger", "g. mishra"], "keywords": ["randomized trial"]}, "5ce3ace4ced107d4c65aefe6": {"reference_index": 1, "title": "Identification and Origin ofXanthomonas campestrispv.campestrisRaces and Related Pathovars", "year": 2001, "venue": "Phytopathology", "affiliation": "", "authors": ["j. g. vicente", "j. conway", "s. j. roberts", "j. d. taylor"], "keywords": []}, "53e99984b7602d97021c2e69": {"reference_index": 3, "title": "Blood pressure changes after upright exercise in normals: evaluation of the role of the autonomic nervous system: ", "year": 1991, "venue": "Journal of Hypertension", "affiliation": "", "authors": ["m piepoli", "a j s coats", "s adamopoulos", "j conway"], "keywords": ["blood pressure"]}, "53e9b9dab7602d97045d2d47": {"reference_index": 1, "title": "Identification and Origin of <i>Xanthomonas campestris</i> pv. <i>campestris</i> Races and Related Pathovars", "year": 2001, "venue": "Phytopathology", "affiliation": "", "authors": ["j. g. vicente", "j. conway", "s. j. roberts", "j. d. taylor"], "keywords": []}, "53e99d5eb7602d970261a3f3": {"reference_index": 3, "title": "Pitfalls in the interpretation of spectral analysis of the heart rate variability during exercise in humans.", "year": 1995, "venue": "Acta physiologica Scandinavica", "affiliation": "", "authors": ["b. casadei", "s. cochrane", "j. johnsoton", "j. conway", "p. sleight"], "keywords": ["heart rate variability"]}, "53e9b82eb7602d97043e64cf": {"reference_index": 1, "title": "CVD diamond detectors as dosimeters for radiotherapy", "year": 1997, "venue": "Nuclear Inst. and Methods in Physics Research, A", "affiliation": "Department of Medical Physics, Weston Park Hosptial, Sheffield, UK", "authors": ["c.m buttar", "j conway", "r meyfarth", "g scarsbrook", "p.j sellin", "a whitehead"], "keywords": []}, "53e9b310b7602d9703dd52dc": {"reference_index": 1, "title": "Effects of endurance training on baroreflex sensitivity and blood pressure in borderline hypertension", "year": 1991, "venue": "The Lancet", "affiliation": "Cardiac Department, John Radcliffe Hospital, Headington, Oxford OX2 6UD, UK", "authors": ["v.k. somers", "j. conway", "j. johnston", "p. sleight"], "keywords": ["blood pressure", "endurance training"]}, "53e9abebb7602d97035a7310": {"reference_index": 3, "title": "Recent results from diamond microstrip detectors", "year": 1995, "venue": "Nuclear Inst. and Methods in Physics Research, A", "affiliation": "Rutgers University, Piscataway, NJ 08854, USA", "authors": ["c. bauer", "i. baumann", "c. colledani", "j. conway", "p. delpierre", "f. djama", "w. dulinski", "a. fallou", "k.k. gan", "r.s. gilmore", "e. grigoriev", "g. hallewell", "s. han", "t. hessing", "j. hrubec", "d. husson", "h. kagan", "d. kania", "r. kass", "w. kinnison", "k.t. kn\u00f6pfle", "m. krammer", "t.j. llewellyn", "p.f. manfredi", "l.s. pan", "h. pernegger", "m. pernicka", "v. re", "s. roe", "a. rudge", "m. schaeffer", "s. schnetzer", "s. somalwar", "v. speziali", "r. stone", "r.j. tapper", "r. tesarek", "w. trischuk", "r. turchetta", "g.b. thomson", "r. wagner", "p. weilhammer", "c. white", "m. zoeller"], "keywords": ["leakage current", "radiation hardness", "signal to noise ratio", "ionizing radiation"]}, "53e9bb15b7602d970474d77d": {"reference_index": 3, "title": "Audit of ambulatory blood pressure monitoring in the diagnosis and management of hypertension in practice.", "year": 1998, "venue": "Journal of human hypertension", "affiliation": "", "authors": ["a zawadzka", "r bird", "b casadei", "j conway"], "keywords": ["JHH", " hypertension", " blood pressure", " clinical medicine", " cardiovascular disease", " cardiovascular medicine", " human hypertension"]}, "53e9a806b7602d9703148f92": {"reference_index": 1, "title": "Sources and Origin of Resistance to <i>Xanthomonas campestris</i> pv. <i>campestris</i> in <i>Brassica</i> Genomes", "year": 2002, "venue": "Phytopathology", "affiliation": "", "authors": ["j. d. taylor", "j. conway", "s. j. roberts", "d. astley", "j. g. vicente"], "keywords": []}, "53e9a70bb7602d9703040bf9": {"reference_index": 0, "title": "A lower bound on the average error of vector quantizers (Corresp.)", "year": 1985, "venue": "IEEE Transactions on Information Theory", "affiliation": "", "authors": ["j. conway", "n. sloane"], "keywords": ["output point", "ann-dimensional vector quantizer", "mean-squared error", "large number", "vector quantizers", "average error", "error correction", "vectors", "quantization", "probability density function", "logic circuits", "lower bound", "encoding", "linear code"]}, "53e9abfeb7602d97035be543": {"reference_index": 0, "title": "Mechanisms concerned with blood pressure variability throughout the day.", "year": 1985, "venue": "Clinical and experimental hypertension. Part A, Theory and practice", "affiliation": "", "authors": ["j. conway", "n. boon", "j. vann jones", "p. sleight"], "keywords": ["baroreceptor reflex"]}, "53e9ac05b7602d97035c717d": {"reference_index": 4, "title": "Improving the accuracy of localisation in the radiotherapy treatment of head and neck, and brain cancer: some initial findings", "year": 2000, "venue": "Journal of Radiotherapy in Practice", "affiliation": "", "authors": ["m. j. mcjury", "r. nakielny", "d. levy", "j. lilley", "j. conway", "m. h. robinson"], "keywords": []}, "53e99a0eb7602d970226164d": {"reference_index": 3, "title": "Measurements substantiating localised microwave hyperthermia within a thorax phantom", "year": 1982, "venue": "Electronics Letters", "affiliation": "", "authors": ["m. melek", "a. p. anderson", "b. h. brown", "j. conway"], "keywords": ["radiation therapy"]}, "53e9b7eeb7602d97043a24ef": {"reference_index": 2, "title": "The Use of Lung Dose\u2013Volume Histograms in Predicting Post-radiation Pneumonitis After Non-conventionally Fractionated Radiotherapy for Thoracic Carcinoma", "year": 2005, "venue": "Clinical Oncology", "affiliation": "Department of Radiotherapy Physics, Weston Park Hospital, Sheffield, UK", "authors": ["s.j. clenton", "p.m. fisher", "j. conway", "p. kirkbride", "m.q. hatton"], "keywords": ["radiotherapy", "fractionation"]}, "53e9a5cdb7602d9702ef5d17": {"reference_index": 2, "title": "Effect of ultrafiltration of yeast extracts on their ability to promote lactic acid bacteria growth.", "year": 1999, "venue": "Canadian journal of microbiology", "affiliation": "", "authors": ["h. gaudreau", "c. p. champagne", "j. conway", "r. degr\u00e9"], "keywords": ["yeast extract"]}, "53e9a9beb7602d970331a7de": {"reference_index": 7, "title": "Gas system for ALEPH TPC", "year": 1990, "venue": "Nuclear Inst. and Methods in Physics Research, A", "affiliation": "University of Wisconsin, Madison, USA", "authors": ["t. barczewski", "l.a.t. bauerdick", "l. bellantoni", "e. blucher", "w. blum", "j. boudreau", "d. cinabro", "j. conway", "d.f. cowen", "j. fagerstrom", "f. fidecaro", "b. gobbo", "a. halley", "s. haywood", "a. jahn", "r.c. jared", "r. johnson", "m. kasemann", "b. leclaire", "i. lehraus", "t. lohse", "a. lusiani", "p.s. marrocchesi", "j. may", "e. milotti", "a. minten", "j. pater", "j. richstein", "r. richter", "w. richter", "s. r\u00f6hn", "l. rolandi", "a. roth", "h. rotscheidt", "d. schlatter", "m. schmelling", "r. settles", "f. steeg", "g. stefanini", "m. takashima", "w. tejessy", "j. thomas", "a. vayaki", "j. wear", "w. wiedenmann", "w. witzeling", "sau lan wu"], "keywords": ["methane", "time projection chamber"]}, "53e9a973b7602d97032ca4a4": {"reference_index": 7, "title": "Astronomical Constraints on the Cosmic Evolution of the Fine Structure Constant and Possible Quantum Dimensions", "year": 2000, "venue": "Physical Review Letters", "affiliation": "Onsala Space Observatory", "authors": ["c. l. carilli", "k. m. menten", "j. t. stocke", "e. perlman", "r. vermeulen", "f. briggs", "a. g. de bruyn", "j. conway", "c. p. moore"], "keywords": ["big bang", "fine structure constant", "string theory", "oscillations"]}, "53e9bc73b7602d97048f2ef1": {"reference_index": 2, "title": "Validation of the beat to beat measurement of blood velocity in the human ascending aorta by a new high temporal resolution Doppler ultrasound spectral analyser", "year": 1992, "venue": "Heart", "affiliation": "", "authors": ["a j s coats", "c murphy", "j conway", "p sleight"], "keywords": ["cardiology", "spectrum analysis", "temporal resolution", "cardiac output"]}, "53e9a62eb7602d9702f5c058": {"reference_index": 0, "title": "Self-dual codes over and of length not exceeding 16", "year": 2006, "venue": "IEEE Transactions on Information Theory", "affiliation": "", "authors": ["j. conway", "v. pless", "n. sloane"], "keywords": ["self-dual code", "systematic notation", "new extremal self-dual code", "tag olng", "new technique", "shorter length", "statistics", "mathematics", "linear code", "vectors", "terminology"]}, "53e9b641b7602d97041a15ef": {"reference_index": 4, "title": "Measurement of blood pressure using the auscultatory and oscillometric methods in the same cuff deflation: validation and field trial of the A&D TM2421 monitor", "year": 2000, "venue": "Journal of Human Hypertension", "affiliation": "", "authors": ["b keavney", "r bird", "a caiazza", "b casadei", "j conway"], "keywords": ["JHH", " hypertension", " blood pressure", " clinical medicine", " cardiovascular disease", " cardiovascular medicine", " human hypertension"]}, "5ce2d259ced107d4c64cb140": {"reference_index": 3, "title": "The Role of Prophylactic Heart Failure Therapy in Duchenne Muscular Dystrophy", "year": 2019, "venue": "Journal of Heart and Lung Transplantation", "affiliation": "", "authors": ["a.k. lal", "c.a. wittlieb-weber", "c.r. villa", "j. conway", "m.j. bock", "k.e. gambetta", "k.r. schumacher", "s.p. law", "s.r. deshpande", "s.c. west", "j.m. friedland-little", "i.d. lytrivi", "m.a. mcculloch", "r.j. butts", "k.r. knecht", "z. ou", "a.p. presson", "j.n. johnson"], "keywords": []}, "5ce3ad1fced107d4c65b4684": {"reference_index": 19, "title": "Corrigendum : SEPIA - a new single pixel receiver at the APEX telescope (", "year": 2018, "venue": "Astronomy and Astrophysics", "affiliation": "", "authors": ["v. belitsky", "i. lapkin", "m. fredrixon", "d. meledin", "e. sundin", "b. billade", "s. e. ferm", "a. pavolotsky", "h. rashid", "m. strandberg", "v. desmaris", "a. ermakov", "s. krause", "m. olberg", "p. aghdam", "s. shafiee", "p. bergman", "e. de beck", "h. olofsson", "j. conway", "c. de breuck", "k. immer", "p. yagoubov", "f.~m. montenegro-montes", "k. torstensson", "j. p. p\u00e9rez-beaupuits", "t. klein", "w. boland", "a.~m. baryshev", "r. hesper", "j. barkhof", "j. adema", "m.~e. bekema", "a. koops"], "keywords": []}, "53e9acb5b7602d970369596b": {"reference_index": 3, "title": "Cardiac and blood pressure responses to mental stress in reactive hypertensives.", "year": 1991, "venue": "Clinical and experimental hypertension. Part A, Theory and practice", "affiliation": "", "authors": ["g. pannarale", "j. e. isea", "a. j. s. coats", "j. conway", "p. sleight"], "keywords": ["haemodynamics", "blood pressure"]}, "5c756842f56def97981e1fb2": {"reference_index": 1, "title": "Production of zinc-enriched yeast extracts", "year": 2001, "venue": "Journal of Food Science and Technology-mysore", "affiliation": "", "authors": ["h. gaudreau", "j. conway", "c. p. champagne"], "keywords": []}, "53e9a67cb7602d9702faed0e": {"reference_index": 2, "title": "Effect of ultrafiltration of bakers\u2019 and brewers\u2019 yeast extracts on their nitrogen content and turbidity", "year": 1999, "venue": "Acta Alimentaria", "affiliation": "", "authors": ["c. p. champagne", "h. gaudreau", "j. conway"], "keywords": ["amino acids", "yeast extract"]}, "5ce2d22bced107d4c64aabc9": {"reference_index": 1, "title": "The Effect of Physical Fitness on Resting Intra-Arterial Blood Pressure", "year": 1986, "venue": "Clinical Science", "affiliation": "", "authors": ["v.k. somers", "j. conway", "p. sleight"], "keywords": []}, "53e9b71db7602d97042b48c6": {"reference_index": 3, "title": "Effects of physical training in chronic heart failure", "year": 1990, "venue": "The Lancet", "affiliation": "Department of Cardiovascular Medicine, John Radcliffe Hospital, Oxford OX3 9DU, UK", "authors": ["a.j.s. coats", "s. adamopoulos", "t.e. meyer", "j. conway", "p. sleight"], "keywords": ["physical training"]}, "56d8ef9cdabfae2eee6ce9f2": {"reference_index": 11, "title": "J/\u03c8 longitudinal polarization from \u03c0N interactions", "year": 1987, "venue": "Physical Review Letters", "affiliation": "", "authors": ["c. biino", "j. greenhalgh", "p. kaaret", "w. louis", "k. mcdonald", "s. palestini", "f. shoemaker", "a. smith", "c. adolphsen", "j. alexander", "k. anderson", "j. conway", "j. heinrich", "j. pilcher", "a. possoz", "e. rosenberg"], "keywords": []}, "53e9b5ceb7602d97041174d2": {"reference_index": 5, "title": "Ventilation in chronic heart failure: effects of physical training.", "year": 1992, "venue": "British heart journal", "affiliation": "", "authors": ["p davey", "t meyer", "a coats", "s adamopoulos", "b casadei", "j conway", "p sleight"], "keywords": ["respiration", "carbon dioxide", "physical training"]}, "53e9af9ab7602d97039e85a1": {"reference_index": 2, "title": "NGC7538 IRS1 N: Modeling a Circumstellar Maser Disk", "year": 0, "venue": "Astrophysics and Space Science", "affiliation": "Onsala Space Observatory Onsala Sweden", "authors": ["m. pestalozzi", "m. elitzur", "j. conway", "r. booth"], "keywords": []}, "53e9af9ab7602d97039e85a0": {"reference_index": 2, "title": "NG7538 IRS1 N: modeling a circumstellar maser disk", "year": 2004, "venue": "Astrophysics and Space Science", "affiliation": "", "authors": ["m. r. pestalozzi", "m. elitzur", "j. conway", "r. booth"], "keywords": ["spectrum", "masers"]}, "53e9ba76b7602d970469804a": {"reference_index": 6, "title": "Performance of the first \u0394OSI microstrip dosimeter prototype in the characterization of a clinical accelerator", "year": 2007, "venue": "Nuclear Inst. and Methods in Physics Research, A", "affiliation": "Department of Radiotherapy Physics, Weston Park Hospital, Sheffield S10 2SJ, UK", "authors": ["i. redondo-fern\u00e1ndez", "c. buttar", "s. walsh", "s. manolopoulos", "j.m. homer", "s. young", "j. conway"], "keywords": []}, "56d858cddabfae2eee3e3d49": {"reference_index": 22, "title": "Measurement of Resonance Parameters of Orbitally Excited Narrow B 0 Mesons", "year": 2009, "venue": "", "affiliation": "", "authors": ["l. cerrito", "s. h. chang", "y. c. chen", "m. chertok", "g. chiarelli", "g. chlachidze", "f. chlebana", "k. cho", "d. chokheli", "j. p. chou", "g. choudalakis", "s. h. chuang", "k. chung", "w. h. chung", "y. s. chung", "t. chwalek", "c. i. ciobanu", "m. a. ciocci", "a. clark", "d. clark", "g. compostella", "m. e. convery", "j. conway", "m. cordelli", "g. cortiana", "c. a. cox", "d. j. cox", "f. crescioli", "c. cuenca almenar", "j. cuevas", "r. culbertson", "j. c. cully", "d. dagenhart", "m. datta", "t. davies", "p. de barbaro"], "keywords": []}, "53e9adaab7602d97037a7c62": {"reference_index": 4, "title": "EPR and optical-absorption studies of Cmsup3+ in YPO_{4} and LuPO_{4} single crystals", "year": 1987, "venue": "Physical Review B", "affiliation": "", "authors": ["m. abraham", "l. boatner", "c. finch", "w. kot", "j. conway", "g. shalimoff", "n. edelstein"], "keywords": ["magnetic resonance", "epr spectroscopy", "single crystal", "ground state", "charged particles", "electron spin resonance", "phosphorus", "energy levels", "excited states"]}, "53e999cab7602d970220f8a4": {"reference_index": 3, "title": "Recent results from the RD42 Diamond Detector Collaboration", "year": 1996, "venue": "Nuclear Inst. and Methods in Physics Research, A", "affiliation": "Rutgers University, Piscataway, NJ 08854, USA", "authors": ["c. bauer", "i. baumann", "c. colledani", "j. conway", "p. delpierre", "f. djama", "w. dulinski", "a. fallou", "k.k. gan", "r.s. gilmore", "e. grigoriev", "g. hallewell", "s. han", "t. hessing", "k. honscheid", "j. hrubec", "d. husson", "r. james", "h. kagan", "d. kania", "r. kass", "k.t. kn\u00f6pfle", "m. krammer", "t.j. llewellyn", "p.f. manfredi", "d. meier", "l.s. pan", "h. pernegger", "m. pernicka", "v. re", "s. roe", "d. roff", "a. rudge", "m. schaeffer", "m. schieber", "s. schnetzer", "s. somalwar", "v. speziali", "r. stone", "r.j. tapper", "r. tesarek", "w. trischuk", "r. turchetta", "g.b. thomson", "r. wagner", "p. weilhammer", "c. white", "h.j. ziock", "m. zoeller"], "keywords": ["radiation hardness", "high resolution", "binding energy"]}, "53e9a358b7602d9702c64adf": {"reference_index": 1, "title": "Antihypertensive effect of carvedilol: a preliminary dose-response study.", "year": 1992, "venue": "The Clinical investigator", "affiliation": "Department of Cardiovascular Medicine John Radcliffe Hospital Oxford UK", "authors": ["b. casadei", "j. conway", "a. j. s. coats", "r. bird"], "keywords": ["reproducibility", "double blind cross-over design", "//-blockers", "ambulatory blood pres- sure monitoring", "statistical significance", "dose response", "ambulatory blood pressure monitoring", "blood pressure"]}, "5ce2d0edced107d4c63d1796": {"reference_index": 0, "title": "Effect on Converting Enzyme Inhibitor and Saralasin of the Reflex Control of Blood Pressure", "year": 1978, "venue": "Clinical Science", "affiliation": "ICI Pharmaceuticals Division, Macclesfield, Cheshire, Cornell Medical Centre, New York, U.S.A.", "authors": ["j. conway", "r. hatton", "j. keddie", "j. h. laragh", "j. e. sealey", "j. m. wallace"], "keywords": []}, "53e9a3edb7602d9702d01ede": {"reference_index": 3, "title": "CVD diamond for medical dosimetry applications", "year": 2001, "venue": "Nuclear Inst. and Methods in Physics Research, A", "affiliation": "Department of Medical Physics, Weston Park Hospital, Sheffield S10 2SJ, UK", "authors": ["a.j. whitehead", "r. airey", "c.m. buttar", "j. conway", "g. hill", "s. ramkumar", "g.a. scarsbrook", "r.s. sussmann", "s. walker"], "keywords": ["visible light", "dark current", "band gap", "crystal structure", "radiation damage"]}, "53e9b0abb7602d9703b1868b": {"reference_index": 3, "title": "Radiation hardness studies of CVD diamond detectors", "year": 1995, "venue": "Nuclear Inst. and Methods in Physics Research, A", "affiliation": "Rutgers University, Piscataway, NJ 08854, USA", "authors": ["c. bauer", "i. baumann", "c. colledani", "j. conway", "p. delpierre", "f. djama", "w. dulinski", "a. fallou", "k.k. gan", "r.s. gilmore", "e. grigoriev", "g. hallewell", "s. han", "t. hessing", "k. honschied", "j. hrubec", "d. husson", "h. kagan", "d. kania", "r. kass", "w. kinnison", "k.t. kn\u00f6pfle", "m. krammer", "t.j. llewellyn", "p.f. manfredi", "l.s. pan", "h. pernegger", "m. pernicka", "r. plano", "v. re", "s. roe", "a. rudge", "m. schaeffer", "s. schnetzer", "s. somalwar", "v. speziali", "r. stone", "r.j. tapper", "r. tesarek", "w. trischuk", "r. turchetta", "g.b. thomson", "r. wagner", "p. weilhammer", "c. white", "h. ziock", "m. zoeller"], "keywords": ["charged particles", "radiation hardness", "particle detector"]}, "53e99abeb7602d970233e244": {"reference_index": 3, "title": "Discovery of two new methanol masers in NGC 7538", "year": 2006, "venue": "Astronomy and Astrophysics", "affiliation": "", "authors": ["m. pestalozzi", "v. minier", "f. motte", "j. conway"], "keywords": ["star formation", "astronomy", "high resolution", "masers"]}, "53e99998b7602d97021dc0f5": {"reference_index": 6, "title": "Feasibility of non-linear image registration for radiotherapy treatment planning with gamma camera PET: ", "year": 2004, "venue": "Nuclear Medicine Communications", "affiliation": "", "authors": ["r. h. ireland", "s. m. wood", "p. metherall", "m. b. hanney", "w. b. tindale", "m. h. robinson", "j. conway", "d. c. barber"], "keywords": ["image registration", "treatment planning"]}, "53e9add4b7602d97037de916": {"reference_index": 0, "title": "Cardiovascular research in the pharmaceutical industry: a personal appeal for rationalizing development.", "year": 1993, "venue": "European journal of clinical pharmacology", "affiliation": "Department of Cardiovascular Medicine|John Radcliffe Hospital", "authors": ["j. conway"], "keywords": ["cardiovascular research", "pharmaceutical industry", "drug development", "innovative research", "Cardiovascular research", "Drug development"]}, "53e9b46fb7602d9703f6f7f5": {"reference_index": 5, "title": "Ventilation in Chronic Heart Failure", "year": 1993, "venue": "Journal of Cardiopulmonary Rehabilitation", "affiliation": "", "authors": ["p davey", "t meyer", "a coats", "s adamopoulos", "b casadei", "j conway", "p sleight"], "keywords": []}, "53e9ac48b7602d97036189d9": {"reference_index": 4, "title": "A general catalogue of 6.7\u2009GHz methanol masers", "year": 2007, "venue": "Astronomy & Astrophysics", "affiliation": "", "authors": ["m. r. pestalozzi", "a. chrysostomou", "j. l. collett", "v. minier", "j. conway", "r. s. booth"], "keywords": []}, "5ce2d249ced107d4c64bf8f7": {"reference_index": 2, "title": "Effect of Angiotensin Converting-Enzyme Inhibitor on Cardiovascular Response to Lower Negative Pressure in the Anaesthetized Cat", "year": 1979, "venue": "Clinical Science", "affiliation": "", "authors": ["s. adigun", "d. p. clough", "j. conway", "r. hatton"], "keywords": []}, "53e9a5dbb7602d9702f03943": {"reference_index": 0, "title": "Monomials of orders 7 and 11 cannot be in the group of a (24, 12, 10) self-dual quaternary code (Corresp.)", "year": 2006, "venue": "IEEE Transactions on Information Theory", "affiliation": "", "authors": ["j. conway", "v. pless"], "keywords": ["self-dual quaternary code", "group ofcare", "low weight vector", "group ofc", "self-dual quaternary", "interesting open question", "terminology", "group theory"]}, "53e9a757b7602d970308d620": {"reference_index": 1, "title": "Assessment of conformal radiotherapy in the treatment of head and neck cancer", "year": 1998, "venue": "International Journal of Radiation Oncology, Biology, Physics", "affiliation": "", "authors": ["mh robinson", "j. conway", "c. antony", "g. brown", "l. griffiths", "s. otter"], "keywords": []}, "5ce2ac89ced107d4c6b84b17": {"reference_index": 8, "title": "Multicenter Review of Heartware Ventricular Assist Device in Small Children", "year": 2015, "venue": "Journal of Heart and Lung Transplantation", "affiliation": "Stollery Children\u2019s Hospital, Edmonton, AB, Canada", "authors": ["o. miera", "r. kirk", "h. buchholz", "k.r. schmitt", "i. rebeyka", "n. wrightson", "f. berger", "m. griselli", "j. conway"], "keywords": []}, "53e9af87b7602d97039cefb1": {"reference_index": 0, "title": "The Precision of Higgs Boson Measurements and Their Implications The Precision Higgs Working Group of Snowmass 2001", "year": 0, "venue": "", "affiliation": "", "authors": ["j. conway", "k. desch", "j. f. gunion", "s. mrenna", "d. zeppenfeld"], "keywords": []}, "5ce2c0bdced107d4c60ee30a": {"reference_index": 9, "title": "The Cornell Main Linac Cryomodule: A Full Scale, High Q Accelerator Module for cw Application\u2606", "year": 2015, "venue": "Physics Procedia", "affiliation": "Cornell Laboratory for Accelerator-based Science and Education (CLASSE), Cornell University, 161 Synchrotron Drive, Ithaca, NY 14853 USA", "authors": ["r. eichhorn", "b. bullock", "b. elmore", "b. clasby", "f. furuta", "y. he", "g. hoffstaetter", "m. liepe", "t. o\u2019connell", "j. conway", "p. quigley", "d. sabol", "j. sears", "e. smith", "v. veshcherevich"], "keywords": []}, "53e9ab9eb7602d9703549268": {"reference_index": 5, "title": "Upper Limits on the Decay D^{0}\u2192\u03bc^{+}\u03bc^{-} and on D^{0}-D[over \u00af]^{0} Mixing", "year": 1986, "venue": "Physical Review Letters", "affiliation": "", "authors": ["w. louis", "c. adolphsen", "j. alexander", "k. anderson", "c. biino", "j. conway", "j. greenhalgh", "j. heinrich", "k. mcdonald", "k. merritt", "s. palestini", "j. pilcher", "e. rosenberg", "f. shoemaker", "d. simpson", "a. smith"], "keywords": []}, "53e9ad11b7602d97036f1fcd": {"reference_index": 1, "title": "Effect of vagal stimulation by scopoderm TTS on exercise performance and R-R interval variability (RRV) in patients with chronic heart failure (CHF)", "year": 1993, "venue": "Journal of the Autonomic Nervous System", "affiliation": "", "authors": ["b. casadei", "j. conway", "p. sleight"], "keywords": []}, "53e9b8cdb7602d97044ad976": {"reference_index": 2, "title": "An assessment of radiotherapy dosimeters based on CVD grown diamond", "year": 2001, "venue": "Nuclear Inst. and Methods in Physics Research, A", "affiliation": "Department of Medical Physics, Weston Park Hospital, University of Sheffield, UK", "authors": ["s. ramkumar", "c.m. buttar", "j. conway", "a.j. whitehead", "r.s. sussman", "g. hill", "s. walker"], "keywords": ["cvd", "detector", "dosimeter", "silicon photonics", "radiotherapy", "diamond", "radiation hardness"]}}, "assignment": {"5448b99cdabfae87b7e6d849_19": ["53e9a757b7602d970308d620", "53e9b82eb7602d97043e64cf", "53e9ba76b7602d970469804a", "53e9bd31b7602d97049be2f7", "53e9b070b7602d9703ad8769", "53e9b822b7602d97043d8f36", "53e9b8a1b7602d970447daba", "53e9a33cb7602d9702c44287", "53e9b8cdb7602d97044ad976", "53e9a3edb7602d9702d01ede", "53e9a145b7602d9702a35be5", "53e9b7eeb7602d97043a24ef", "53e9b6dbb7602d9704268627"], "new#5_14": ["53e99a0eb7602d970226164d", "53e9a237b7602d9702b3c688", "53e9b75ab7602d97042fe625", "53e9bbf5b7602d970484fc6b"], "5448b99cdabfae87b7e6d848_18": ["53e9add4b7602d97037de916", "53e9a255b7602d9702b5e58c", "53e9b5ceb7602d97041174d2", "53e99984b7602d97021c2e69", "53e9bc73b7602d97048f2ef1", "53e99d5eb7602d970261a3f3", "53e9acb5b7602d970369596b", "53e9ad11b7602d97036f1fcd", "53e9b8f5b7602d97044d6929", "53e9bb15b7602d970474d77d", "53e9b310b7602d9703dd52dc", "53e9abfeb7602d97035be543", "53e9b2e0b7602d9703d96666", "53e9b71db7602d97042b48c6", "53e9a358b7602d9702c64adf", "53e9b641b7602d97041a15ef", "53e9b46fb7602d9703f6f7f5", "53e999cbb7602d970220fde6", "5ce2d22cced107d4c64abb5d", "53e9a32eb7602d9702c3b2fa", "5ce2d22bced107d4c64aabc9"], "new#9_17": ["5c756842f56def97981e1fb2", "53e9a67cb7602d9702faed0e", "53e9a5cdb7602d9702ef5d17"], "new#6_11": ["5ce2d230ced107d4c64ae96b", "5ce2d259ced107d4c64cb140", "5ce2d241ced107d4c64b9c93"], "new#16_9": ["53e99e71b7602d9702736f9a", "53e9ad99b7602d970379715f"], "new#14_5": ["5ce3ad1fced107d4c65b4684", "5ce2d08aced107d4c638d4c4"], "new#10_15": ["5ce3ace4ced107d4c65aefe6", "53e9b9dab7602d97045d2d47", "53e9a806b7602d9703148f92"], "new#7_12": ["53e9a2fbb7602d9702c07de4", "53e99cd8b7602d970258d48f", "56d858cddabfae2eee3e3d49"], "new#12_4": ["5c756d6cf56def979852777a", "5ce2c0bdced107d4c60ee30a", "5c8d53354895d9cbc651765c"], "new#4_13": ["53e9ab97b7602d9703545e4c", "53e9ab9eb7602d9703549268", "53e9b240b7602d9703cdb8bf", "53e9b2b1b7602d9703d5ab3e", "53e9b85bb7602d970442279c", "56d8ef9cdabfae2eee6ce9f2"], "5448b99cdabfae87b7e6d84a_1": ["53e9a973b7602d97032ca4a4", "53e99abeb7602d970233e244", "53e9acbcb7602d9703699e00", "53e9bc68b7602d97048dffb0", "53e9af9ab7602d97039e85a1", "53e9b0abb7602d9703b19ee8", "53e9b910b7602d97044f5dc7", "53e9ac48b7602d97036189d9", "53e9af9ab7602d97039e85a0", "53e9b388b7602d9703e68d6c"], "new#15_2": ["53e9af87b7602d97039cefb1", "53e99dbfb7602d970267fed2"], "new#3_8": ["5ce2ac89ced107d4c6b84b17", "5ce2b25eced107d4c6e2e124", "5ce2c6d2ced107d4c61f5a66", "5ce2d234ced107d4c64b0d56", "5ce2d24fced107d4c64c4364", "5ce2d24bced107d4c64c15ef"], "new#2_0": ["53e999cab7602d970220f8a4", "53e9abebb7602d97035a7310", "53e9b0abb7602d9703b1868b", "53e9b240b7602d9703cdf310"], "5448b9a1dabfae87b7e6d8ae_7": ["53e9a9beb7602d970331a7de", "53e9b326b7602d9703df3052"], "new#8_16": ["53e9adaab7602d97037a7c62", "53e99d5db7602d9702614cea", "53e99e38b7602d97026fe7c9"], "new#1_10": ["53e9b775b7602d970431d9ce", "53e9b879b7602d9704444ae6", "53e9b93eb7602d970452b68d", "53e9ba76b7602d970469a3b7", "53e9a5dbb7602d9702f03943", "53e9a62eb7602d9702f5c058", "53e9a70bb7602d9703040bf9"], "new#17_6": ["53e9ac05b7602d97035c717d", "53e9b489b7602d9703f8fa9c", "53e99998b7602d97021dc0f5"], "new#13_3": ["5ce2d249ced107d4c64bf8f7", "5ce2d0edced107d4c63d1796"]}}